{
  "tasks": [
    {
      "title": "Orange",
      "description": "Orange is a color",
      "date": " ",
      "tag": "Tags",
      "tagColor": "orange",
      "id": 31
    },
    {
      "title": "Walk the dog",
      "description": "10 KM",
      "date": "2021-12-24",
      "tag": "Exercise",
      "tagColor": "golden",
      "id": 32
    },
    {
      "title": "Feed the cat",
      "description": "Christmas meal",
      "date": "2021-12-24",
      "tag": "",
      "tagColor": "purple",
      "id": 33
    },
    {
      "title": "Go to store",
      "description": "",
      "date": "2021-12-22",
      "tag": "",
      "tagColor": "",
      "id": 34
    },
    {
      "title": "Test",
      "description": "Testing how it works",
      "date": "2021-12-20",
      "tag": "School",
      "tagColor": "cyan",
      "id": 35
    }
  ]
}